ID	Nome do Produto	Categoria Atual	Subcategoria 1	Subcategoria 2				
p-1	Adoçante Líquido Sacarina Zero Cal Frasco 100ml	copa	copa-3					
p-2	ALCOOL LÍQUIDO 70º INPM LT	limpeza	limpeza-1	limpeza-2				
p-3	Armação Mop Pó 40cm, 60cm e 80cm bralimpia	limpeza	limpeza-11					
p-4	Aromatizador de Odores 1L Aroma de Eucalipto	limpeza	limpeza-4					
p-5	Aromatizante de Ambiente 5L mercotech	limpeza	limpeza-4					
p-6	Aromatizante de Ambientes Fragrância Capim Limão nobre	limpeza	limpeza-4					
p-7	Vassoura Goulart Naylita sem cabo com cerdas verdes	limpeza	limpeza-15					
p-8	Açucar União Sache Caixa 800 Saches De 5g Açucar Uniao	copa	copa-2					
p-9	Açúcar Cristal Agrovale 1Kg	copa	copa-2					
p-11	Balde De Plastico Com Alça De Ferro 7 Litros	limpeza	limpeza-5					
p-12	Balde Doblo 20 – Modelo Flex bralimpia	limpeza	limpeza-5					
p-13	BALDE ESPREMEDOR 12LT bralimpia	limpeza	limpeza-5					
p-15	BALDE PLÁSTICO 15LT E 20LT	limpeza	limpeza-1	limpeza-5				
p-16	Balde Zig Zag Bettanin Super 14l Com Espremedor	limpeza	limpeza-5					
p-17	Bobina Saco Plástico	descartaveis	descartaveis-8					
p-18	BOLSA DE VINIL PARA CARRO FUNCIONAL BRALIMPIA	limpeza	limpeza-3					
p-19	Bom Ar Spray Automático Refil 250ml Aroma Lavanda Algodão	limpeza	limpeza-4					
p-20	BRILHA INOX 300ML levuse	limpeza	limpeza-1					
p-21	BRILHA INOX 400ML SCOTH BRITE	limpeza	limpeza-1					
p-22	CABO ALUMÍNIO 1,4mt bralimpia	limpeza	limpeza-6					
p-23	Cabo de Alumínio Universal 22mm 1,50 rodos 2000	limpeza	limpeza-3					
p-24	Cabo de Alumíno de 1,5mt rodos 2000	limpeza	limpeza-14					
p-25	Café Maratá Tradicional Torrado e Moído 250 g	copa	copa-1					
p-26	Café Melitta Tradicional Torrado e Moído em embalagem de 250g	copa	copa-1					
p-27	Café Torrado e Moído Tradicional União 250 g	copa	copa-1					
p-28	Carrinho De Limpeza Balde Espremedor Doblô 30 Lts Bralimpia	limpeza	limpeza-3	limpeza-5				
p-29	Carrinho de Limpeza Bralimpia Doblô 20L Flex Amarelo	limpeza	limpeza-5					
p-30	CONJ MOP GIRATORIO COMPACT 9L CCESTO PLASTICO nobre	limpeza	limpeza-11					
p-31	CONTENTOR 120LT E 240LT MODELO EUROPEU AZUL nobre	limpeza	limpeza-10					
p-32	CONTENTOR 120LT E 240LT MODELO EUROPEU VERDE nobre	limpeza	limpeza-10					
p-33	COPO 80ML	descartaveis	descartaveis-1					
p-34	COPO DESC 200ML POLIPROP,(PP) TRANSP. E BRANCO	descartaveis	descartaveis-1					
p-35	COPO DESC 50 ML PP COM 100 UN	descartaveis	descartaveis-1					
p-36	Detergente Sanitário Pastilha Adesiva Lavanda Pato Caixa 3 Unidades	limpeza	limpeza-4					
p-37	DISCO BRANCO DE 35, 41 E 51CM superpro	limpeza	limpeza-9					
p-38	DISCO PRETO DE 35, 41 E 51CM superpro	limpeza	limpeza-9					
p-39	DISCO VERDE 35, 41 E 51CM superpro	limpeza	limpeza-9					
p-40	Dispenser Dropy fortcom	limpeza	limpeza-3					
p-41	Dispenser Linha Infinity fortcom	limpeza	limpeza-3					
p-42	Dispenser Linha Nobre	limpeza	limpeza-3					
p-43	Dispenser Poupador de Copos Descartáveis	copa	limpeza-3					
p-44	Escova Aço Base Plástica 3 Fileiras Cerdas Aço	limpeza	limpeza-8					
p-45	Escova de Aço Manual 4 Fileiras com Cabo de Madeira	limpeza	limpeza-3	limpeza-8				
p-46	Escova De Madeira Oval	limpeza	limpeza-8					
p-47	Escova lavatina	limpeza	limpeza-8					
p-48	Escova Multiuso Esfregona Bettanin Superpro Cerdas Firmes	limpeza	limpeza-8					
p-49	ESCOVA NYLON MULTIUSO CABO PARA CANTOS superpro	limpeza	limpeza-8					
p-50	ESCOVA NYLON MULTIUSO OVAL	limpeza	limpeza-1	limpeza-8				
p-51	Escova Sanitaria Vaso Sanitario Com Suporte Limpa Banheiro	limpeza	limpeza-1	limpeza-8				
p-52	Escova sanitária com suporte	limpeza	limpeza-1	limpeza-8				
p-53	Escova sanitária de nylon	limpeza	limpeza-1	limpeza-8				
p-54	Escova sanitária de piaçava	limpeza	limpeza-1	limpeza-8				
p-55	Escova Valentina Para Limpeza Vaso Sanitário	limpeza	limpeza-1	limpeza-8				
p-56	Esfregão Mop Refil Úmido Algodão Limpeza Chão Branco Rosca	limpeza	limpeza-11					
p-57	ESPANADOR DE PENA	limpeza	limpeza-1					
p-58	ESPONJA DUPLA FACE TEFLON AZUL superpro	limpeza	limpeza-1					
p-59	Esponja dupla face vermelha e Branca superpro	limpeza	limpeza-1					
p-60	ESPONJA DUPLA FACE	limpeza	limpeza-1					
p-61	ESPONJA MACIA MULTIUSO superpro	limpeza	limpeza-1					
p-62	Essência de Eucalipto Concentrado para Sauna	limpeza	limpeza-4					
p-63	FIBRA LIMPEZA 102X230mm LEVE AZUL superpro	limpeza	limpeza-9					
p-64	FIBRA LIMPEZA 102X260mm LEVE BRANCA superpro	limpeza	limpeza-9					
p-65	FIBRA LIMPEZA 102X260mm PESADA VERDE superpro	limpeza	limpeza-9					
p-66	FIBRA PARA LIMPEZA BETTAÇO superpro	limpeza	limpeza-9					
p-67	FILME PVC 28X300MT - LISAFILM	descartaveis	descartaveis-7					
p-68	FILME PVC 38 X 400MT	descartaveis	descartaveis-7					
p-69	FILME PVC BOB 28X30MT	descartaveis	descartaveis-7					
p-70	Filtro de Papel Melitta Grande N.102 com 30 unid	copa	copa-9					
p-71	Filtro de Papel Melitta Grande N.103 com 30 unid	copa	copa-9					
p-72	FLANELAS	limpeza	limpeza-1	limpeza-13				
p-73	Fósforo Tradicional Pacote De 10 Caixa Com 40 Fósforos Atacado	copa	copa-6					
p-74	Galão de 5 L de Desinfetante Fragrância de Lavanda	limpeza	limpeza-4					
p-75	Cheirinho Desinfetante Perfumado 90ml Atol	limpeza	limpeza-4					
p-76	Kit Cestos Reciclagem Coleta Seletiva 60L Cores	limpeza	limpeza-10					
p-77	Limpa Vidros 500ml	limpeza	limpeza-1					
p-78	LIMPADOR CLORO ATIVO 500ML VEJA	limpeza	limpeza-1					
p-79	LIMPADOR LIMPEZA PESADA COM ALCOOL 500ML - VEJA	limpeza	limpeza-1					
p-80	Limpador Multiuso 500ml Tradicional	limpeza	limpeza-1					
p-81	LINHA LIMPEZA INDUSTRIAL PRATT INDEBA	limpeza	limpeza-1					
p-82	LINHA LIMPEZA INDUSTRIAL PRATT INDEBA 2	limpeza	limpeza-1					
p-83	Linha Limpeza Profissional Industrial mercotech Atacado	limpeza	limpeza-1					
p-84	LIXEIRA BRANCA 25, 50 E 100LT REFORÇADA COM TAMPA E PEDAL	limpeza	limpeza-10					
p-85	Lixeira Cesto Balde Fechado C Tampa 30l Reforçado	limpeza	limpeza-5					
p-86	Lixeira Cesto De Lixo Plastico Redondo 12 Litros Sem Tampa Cor Preto	limpeza	limpeza-10					
p-87	Lixeira Pedal Branca 14 Litros	limpeza	limpeza-10					
p-88	Lixeira Pedal Preta 14 Litros	limpeza	limpeza-10					
p-89	Lixeira Pedal Preta 30 Litros	limpeza	limpeza-10					
p-90	Lixeira Plástica Branca com Tampa e Alças Laterais	limpeza	limpeza-10					
p-91	Lixeira Plástica Preta com Tampa e Alças Laterais	limpeza	limpeza-10					
p-92	Lixeira Plástica, 50 Litros, Branca, Basculante	limpeza	limpeza-10					
p-93	LIXEIRA PRETA 25, 50 E 100LT COM TAMPA E PEDAL	limpeza	limpeza-10					
p-94	LUSTRA MÓVEIS 200ML PEROBA	limpeza	limpeza-1					
p-95	LUSTRA MÓVEIS 200ML YPË	limpeza	limpeza-1					
p-96	Luva aplicador de cera bralimpia	limpeza	limpeza-2					
p-97	LUVA DE ALGODÃO PIGMENTADA VOLK	limpeza	limpeza-2					
p-98	Luva Látex Laranja Super Reforçada volk	limpeza	limpeza-2					
p-99	Luva Látex ranhurada cano longo volk	limpeza	limpeza-2					
p-100	LUVA PLÁSTICA DESCARTÁVEL nobre	limpeza	limpeza-2					
p-101	Luva Verniz reforçada Amarela volk	limpeza	limpeza-2					
p-102	Luva Verniz reforçada Verde volk	limpeza	limpeza-2					
p-103	Luvas Látex Multiuso Amarela volk	limpeza	limpeza-2					
p-104	Luvas Látex Multiuso Azul volk	limpeza	limpeza-2					
p-105	MEXEDOR PARA CAFÉ	copa	copa-4					
p-106	Mop PÓ Refis e Armações de 40 a 120 cm bralimpia	limpeza	limpeza-11					
p-107	MOP ÚMIDO PONTA DOBRADA 340g nobre	limpeza	limpeza-11					
p-108	MULTIUSO 500ML VEJA	limpeza	limpeza-1					
p-109	Máscara TNT descartável volk	limpeza	limpeza-2					
p-110	MÃO MECÂNICA ALUMÍNIO 75cm Azul bralimpia	limpeza	limpeza-3					
p-111	Naftalina em Bolinhas 30g oriental	limpeza	limpeza-1					
p-112	Neutralizador de odores eucalipto Lt	limpeza	limpeza-1	limpeza-4				
p-113	Odorizador de Ambientes Lev&Uze 400ml	limpeza	limpeza-4					
p-114	ORGANIZADOR PARA VASSOURAS 6 LUGARES AZUL bralimpia	limpeza	limpeza-3					
p-115	PANO DE COPA COM ESTAMPA	copa	copa-5					
p-116	PANO DE COPA SEM ESTAMPA	copa	copa-5					
p-117	PANO MICROFIBRA KIT C2 UN AZUL	limpeza	limpeza-1	limpeza-13				
p-118	PANO MULT PICOT RL 28CMX30MT nobre	copa	limpeza-13					
p-119	PANO MULT PICOTADO RL 28CMX300MT nobre	copa	limpeza-13					
p-120	PANO MULTIUSO 5un nobre	copa	limpeza-13					
p-121	PANOS DE CHÃO 100% ALGODÃO 42X62 E 48X76 (BRANCO OU XADREZ)	limpeza	limpeza-1	limpeza-13				
p-122	Papel Higiênico 4 Rolos Folha Dupla Maciez Surpreendente	descartaveis	descartaveis-2					
p-123	Papel Higiênico Industrial Rolo Grande 300 Metros Kit 8	descartaveis	descartaveis-2					
p-124	Papel Higiênico Interfolhado Cai Cai 9x20,5 Cm 8000 Folhas ipel	descartaveis	descartaveis-2					
p-125	Papel Higiênico Neutro Folha Dupla Kit Com 12 Unidades Com 30m	descartaveis	descartaveis-2					
p-126	Pedra Sanitária Oriental 25g	limpeza	limpeza-1					
p-127	Placa Sinalizadora nobre	limpeza	limpeza-3					
p-128	Porta Copo Descartável De Chão Lixeira Organizador Água	copa	copa-8					
p-129	Porta Copos Descartáveis Tubo Coletor Lixo De Parede Chão	copa	copa-8					
p-130	PRATO DESCRATÁVEL 15CM, 17CM E 21CM PCT. COM 10UN	descartaveis	descartaveis-6					
p-131	PRESILHA SUPORTE PARA MOP UMIDO nobre	limpeza	limpeza-11					
p-132	Propé TNT volk	limpeza	limpeza-2					
p-133	PULVERIZADORES 300ml e 500ml guarany	limpeza	limpeza-3					
p-134	Purificador refil de 250ml	limpeza	limpeza-1					
p-135	PÁ COLETORA COM CABO JEITOSA superpro	limpeza	limpeza-3					
p-136	PÁ COLETORA COM TAMPA E CABO ARTICULADA superpro	limpeza	limpeza-3					
p-137	Pá comum com cabo longo	limpeza	limpeza-1					
p-138	Pá para lixo sem cabo	limpeza	limpeza-1					
p-139	RASPADOR MULTIUSO 10cm COM CABO bralimpia	limpeza	limpeza-6					
p-140	Refil de Borracha para Rodo rodos 2000	limpeza	limpeza-14					
p-141	Refil mop pó 40cm, 60cm e 80cm bralimpia	limpeza	limpeza-3					
p-142	REFIL MOP UMIDO PARA MOP GIRATORIO nobre	limpeza	limpeza-11					
p-143	Refil Rodo Limpa Vidro - Lã + Borracha rodos 2000	limpeza	limpeza-14					
p-144	Removedor muriax	limpeza	limpeza-1					
p-145	Rodo de Alumínio de 40cm e de 60cm ccabo de 1,5mt rodos 2000	limpeza	limpeza-14					
p-146	Rodo Limpa Vidro rodos 2000	limpeza	limpeza-14					
p-147	Rodo Limpa Vidros 35 Cm Com Cabo Para Janelas E Para-brisas	limpeza	limpeza-14					
p-148	Rodo Limpa Vidros Articulado com Cabo de Alumínio e Refil de Lã Acrílica	limpeza	limpeza-3					
p-149	Rodo Profissional Azul Dry 45cm E 55cm bralimpia	limpeza	limpeza-14					
p-150	Rodo Twister com Cabo Extensível bralimpia	limpeza	limpeza-14					
p-151	Rodos plásticos de 30,40 e 60cm	limpeza	limpeza-1					
p-152	SABONETE ALBANY 85G	limpeza	limpeza-2					
p-153	SABONETE LÍQUIDO LÍRIO DO CAMPO 05LT pratt	limpeza	limpeza-2					
p-154	SACOS HOSPITALARES INFECTANTE 60LT E 100LT PCT. COM 100UN	descartaveis	descartaveis-4					
p-155	SACOS PARA LIXO AZUL 60LT E 100LT	descartaveis	descartaveis-4					
p-156	SACOS PARA LIXO BRANCO 20LT, 40LT, 60LT E 100LT	descartaveis	descartaveis-4					
p-157	SACOS PARA LIXO PRETO 20LT, 40LT, 60LT E 100LT	descartaveis	descartaveis-4					
p-158	SACOS PARA LIXO PRETO REFORÇADO MIC. 0.7 100LT A 600LT	descartaveis	descartaveis-4					
p-159	SACOS PARA LIXO SUPER REFORÇADO MIC 0.8 COM 100UN	descartaveis	descartaveis-4					
p-160	SAPONACEO CREMOSO 250ML - CIF	limpeza	limpeza-1					
p-162	Suporte Minilock LT Azul Para Fibras	limpeza	limpeza-3					
p-163	TALHERES DESCARTÁVEIS	descartaveis	descartaveis-6					
p-164	Tela De Mictório Em Pvc Para Banheiros Masculinos	limpeza	limpeza-4					
p-165	Touca TNT pct. c100un volk	limpeza	limpeza-2					
p-166	vassoura de limpeza Oriental de cor verde com cerdas escuras	limpeza	limpeza-15					
p-167	vassoura de piaçava com base de plástico verde	limpeza	limpeza-15					
p-168	vassoura multiuso Casa & Rua bettanin	limpeza	limpeza-15					
p-169	Vassoura Multiuso Sem Cabo Noviça bettanin	limpeza	limpeza-15					
p-170	VASSOURA NYLON 30cm MULTIUSO superpro	limpeza	limpeza-15					
p-171	Vassoura Pelo Sintético Plastica Com Capa Sem Cabo	limpeza	limpeza-15					
p-172	Vassoura piaçava de cepo	limpeza	limpeza-1					
p-173	Vassoura piaçava de chapa	limpeza	limpeza-1					
p-174	Vassoura Plástica Rastelo Jardim com Cabo	limpeza	limpeza-3					
p-175	Vassourão Gari Piaçava 40cm Cabo Madeira	limpeza	limpeza-15					
p-176	ÁLCOOL GEL 05LT	limpeza	limpeza-1	limpeza-2				
p-177	Álcool gel válvula pump 500g	limpeza	limpeza-1	limpeza-2				
p-178	ÁLCOOL LÍQUIDO 05LT	limpeza	limpeza-1	limpeza-2				
p-179	Óculos vision proteção volk	limpeza	limpeza-2					
p-180	ÓLEO PARA MÓVEIS 100ML	limpeza	limpeza-1					
